{"case_count": 100, "results": {"em": {"prompt0": [0.0, 0.0, 0.0, 0.0], "prompt1": [0.0, 0.0, 0.0, 0.0], "prompt2": [0.0, 0.0, 0.0, 0.0], "prompt3": [0.0, 0.0, 0.0, 0.0], "prompt4": [0.0, 0.0, 0.0, 0.0]}, "bleu": {"prompt0": [0.14744789748224357, 0.12727270151090614, 0.1393528404051602, 0.14905405884515543], "prompt1": [0.12117556664357497, 0.0718618269678404, 0.06927247251551676, 0.1428896349232126], "prompt2": [0.08860709274190968, 0.03637304434009434, 0.008308461926085538, 0.02466904576809074], "prompt3": [0.12950326298150572, 0.1217671970249805, 0.11636460025696847, 0.12809497381086776], "prompt4": [0.07166091662227538, 0.1021041026142536, 0.0993892353238927, 0.1029306162766804]}, "codebleu-cs": {"prompt0": [0.2286190674711711, 0.23661723221907538, 0.2607209648046469, 0.26818107073706954], "prompt1": [0.1935892124864796, 0.15958011854364207, 0.17963510081385203, 0.26547690149663683], "prompt2": [0.18144507027205664, 0.09481202095915646, 0.03295771831129324, 0.06459314333404155], "prompt3": [0.2168927246110565, 0.2186657990926788, 0.23695721447989634, 0.25288623768046614], "prompt4": [0.1991849648815438, 0.18156185152262655, 0.15509100253937574, 0.18656894207313873]}}}