{"case_count": 100, "results": {"codebleu-bmoses": {"prompt0": [0.0, 0.0, 0.0, 0.0]}, "codebleu-bnorm": {"prompt0": [0.005091944041387383, 0.0014133822836740583, 0.00625229882485127, 0.005881310913068362]}}}