{"case_count": 100, "results": {"em": {"prompt0": [0.0, 0.0, 0.0, 0.0], "prompt1": [0.0, 0.0, 0.0, 0.0], "prompt2": [0.0, 0.0, 0.0, 0.0], "prompt3": [0.0, 0.0, 0.0, 0.0]}, "bleu": {"prompt0": [0.14744789748224357, 0.12727270151090614, 0.1393528404051602, 0.14905405884515543], "prompt1": [0.12117556664357497, 0.0718618269678404, 0.06927247251551676, 0.1428896349232126], "prompt2": [0.08860709274190968, 0.03637304434009434, 0.008308461926085538, 0.02466904576809074], "prompt3": [0.015706555118775244, 0.020436617309708652, 0.020881900494266446, 0.02689716575735942]}, "codebleu-cs": {"prompt0": [0.22905727956582494, 0.23617902012442155, 0.2613782829466277, 0.26818107073706954], "prompt1": [0.19402742458113337, 0.15936101249631518, 0.18051152500315965, 0.26547690149663683], "prompt2": [0.18166417631938353, 0.09415470281717575, 0.03251950621663942, 0.06503135542869536], "prompt3": [0.07928639158475127, 0.08881636926079384, 0.08986404204424117, 0.10575441586271458]}}}