{"case_count": 100, "results": {"em": {"prompt0": [0.01, 0.0, 0.01, 0.01], "prompt1": [0.0, 0.0, 0.0, 0.0], "prompt2": [0.0, 0.0, 0.02, 0.01]}, "bleu": {"prompt0": [0.573686953047881, 0.600406931103176, 0.5455959474120977, 0.6042161527054498], "prompt1": [0.16049203357506017, 0.17587034302500942, 0.3572169986101516, 0.014455677189210047], "prompt2": [0.5509405997488187, 0.6197289251181732, 0.5614077412172781, 0.6149254940943188]}, "codebleu-java": {"prompt0": [0.6531550591670596, 0.6766499011162042, 0.6131400256475396, 0.6867325572543022], "prompt1": [0.18533060752934005, 0.2495334791813979, 0.4194327258702645, 0.052124209943583], "prompt2": [0.6154307107316426, 0.6988592588806936, 0.6334472130836408, 0.6976977354948986]}}}