{"case_count": 100, "results": {"em": {"prompt0": [0.01, 0.0, 0.01, 0.01], "prompt1": [0.0, 0.0, 0.0, 0.0]}, "bleu": {"prompt0": [0.4544030264349042, 0.5408503855113956, 0.37465432263037024, 0.6998718214062146], "prompt1": [0.010724098996092338, 0.024964815413399396, 0.37759828939803625, 0.16281232437387136]}, "codebleu-java": {"prompt0": [0.39537356631147047, 0.469443328908263, 0.42545417126034824, 0.7440018271088277], "prompt1": [0.25, 0.12026317390142474, 0.4300377850495909, 0.27205706573832145]}}}