{"case_count": 100, "results": {"em": {"prompt0": [0.0, 0.0, 0.0, 0.0], "prompt1": [0.0, 0.0, 0.0, 0.0], "prompt2": [0.0, 0.0, 0.0, 0.01]}, "bleu": {"prompt0": [0.48820137569847905, 0.5006341113747632, 0.45705067969834523, 0.5606953700959482], "prompt1": [0.14156945771243312, 0.18010279725351888, 0.22966604098260265, 0.17465742390969388], "prompt2": [0.49204938063614584, 0.5989108295800651, 0.4641603674764887, 0.5688964125027325]}, "codebleu-java": {"prompt0": [0.6133823854504274, 0.6463875095979323, 0.5699422358685238, 0.6491634904813729], "prompt1": [0.18617262820091549, 0.2634117729357921, 0.31108544782004577, 0.26415028332874624], "prompt2": [0.5917528825148218, 0.6908598542659203, 0.5498833751741166, 0.6594912699189425]}}}