{"case_count": 100, "results": {"em": {"prompt0": [0.0, 0.0, 0.0, 0.0], "prompt1": [0.0, 0.0, 0.0, 0.0]}, "bleu": {"prompt0": [0.48820137569847905, 0.5006341113747632, 0.45705067969834523, 0.5606953700959482], "prompt1": [0.14156945771243312, 0.18010279725351888, 0.22966604098260265, 0.17465742390969388]}, "codebleu-java": {"prompt0": [0.6139429235670194, 0.6458269714813404, 0.5699422358685238, 0.6491634904813729], "prompt1": [0.18673316631750742, 0.2634117729357921, 0.31108544782004577, 0.26415028332874624]}}}